{
  "name": "aks-capability",
  "type": "Microsoft.Authorization/policyAssignments",
  "apiVersion": "2019-09-01",
  "properties": {
    "description": "Restrict the capabilities to reduce the attack surface of containers in a Kubernetes cluster. This recommendation is part of CIS 5.2.8 and CIS 5.2.9 which are intended to improve the security of your Kubernetes environments. This policy is generally available for Kubernetes Service (AKS), and preview for AKS Engine and Azure Arc enabled Kubernetes. For more information, see https://aka.ms/kubepolicydoc. (labelSelector example - https://kubernetes.io/docs/concepts/overview/working-with-objects/labels/#resources-that-support-set-based-requirements)",
    "displayName": "Kubernetes cluster containers should only use allowed capabilities.",
    "notScopes": [],
    "parameters": {},
    "policyDefinitionId": "/providers/Microsoft.Authorization/policyDefinitions/c26596ff-4d70-4e6a-9a30-c2506bd2f80c",
    "scope": "${current_scope_resource_id}",
    "enforcementMode": true
  },
  "location": "${default_location}",
  "identity": {
    "type": "None"
  }
}