{
  "$schema": "https://schema.management.azure.com/schemas/2019-04-01/deploymentTemplate.json#",
  "contentVersion": "1.0.0.0",
  "parameters": {
    "name": {
      "type": "string"
    },
    "location": {
        "type": "string",
        "defaultValue": "[resourceGroup().location]",
        "metadata": {
            "description": "The location of the Primary Managed Instance. Default is the location of the selected resource group."
        }
    },
    "primaryManagedInstanceId": {
      "type": "string"
    },
    "partnerManagedInstanceId": {
      "type": "string"
    },
    "partnerRegion": {
      "type": "string"
    },
    "readWriteFailoverPolicy": {
        "type": "string"
    },
    "readWriteGraceMinutes": {
        "type": "int",
        "defaultValue": 60
    },
    "readOnlyFailoverPolicy": {
        "type": "string",
        "defaultValue": "Disabled"
    }
  },
  "resources": [
    {
      "name": "[concat(parameters('location'), '/', parameters('name'))]",
      "type": "Microsoft.Sql/locations/instanceFailoverGroups",
      "apiVersion": "2017-10-01-preview",
      "properties": {
        "managedInstancePairs": [
          {
            "primaryManagedInstanceId": "[parameters('primaryManagedInstanceId')]",
            "partnerManagedInstanceId": "[parameters('partnerManagedInstanceId')]"
          }
        ],
        "partnerRegions": [
          {
            "location": "[parameters('partnerRegion')]"
          }
        ],
        "readWriteEndpoint": {
          "failoverPolicy": "[parameters('readWriteFailoverPolicy')]",
          "failoverWithDataLossGracePeriodMinutes": "[parameters('readWriteGraceMinutes')]"
        },
        "readOnlyEndpoint": {
          "failoverPolicy": "[parameters('readOnlyFailoverPolicy')]"
        }
      }
    }
  ],
  "outputs": {
      "id": {
          "type": "string",
          "value": "[resourceId('Microsoft.Sql/locations/instanceFailoverGroups', parameters('location'), parameters('name'))]"
      }
  }
}