{
  "name": "sec_export_log_analytics",
  "type": "Microsoft.Authorization/policyAssignments",
  "apiVersion": "2019-09-01",
  "properties": {
    "description": "Enable export to Log Analytics workspace of Azure Security Center data. This policy deploys an export to Log Analytics workspace configuration with your conditions and target workspace on the assigned scope. To deploy this policy on newly created subscriptions, open the Compliance tab, select the relevant non-compliant assignment and create a remediation task.",
    "displayName": "Deploy export to Log Analytics workspace for Azure Security Center data.",
    "notScopes": [],
    "parameters": {},
    "policyDefinitionId": "/providers/Microsoft.Authorization/policyDefinitions/ffb6f416-7bd2-4488-8828-56585fef2be9",
    "scope": "${current_scope_resource_id}",
    "enforcementMode": true
  },
  "location": "${default_location}",
  "identity": {
    "type": "SystemAssigned"
  }
}