{
  "$schema": "https://schema.management.azure.com/schemas/2019-04-01/deploymentTemplate.json#",
  "contentVersion": "1.0.0.0",
  "parameters": {
    "vwan_id": {
      "type": "string",
      "metadata": {
        "displayName": "ID of the virtual WAN object",
        "description": "ID of the virtual WAN object"
      }
    },
    "name": {
      "type": "string",
      "metadata": {
        "displayName": "Name of the Azure Firewall",
        "description": "Name of the Azure Firewall"
      }
    },
    "location": {
      "type": "string",
      "metadata": {
        "displayName": "Location of the Azure Firewall",
        "description": "Location of the Azure Firewall"
      }
    },
    "Tier": {
      "type": "string",
      "metadata": {
        "displayName": "Tier of the Azure Firewall",
        "description": "Tier of the Azure Firewall"
      }
    }
  },
  "variables": {},
  "resources": [
    {
      "apiVersion": "2019-09-01",
      "type": "Microsoft.Network/azureFirewalls",
      "name": "[parameters('name')]",
      "location": "[parameters('location')]",
      "properties": {
          "virtualHub": {
              "id": "[parameters('vwan_id')]"
          },
          "sku": {
              "Name": "AZFW_Hub",
              "Tier": "Standard"
          }
       }
    }
  ],
  "outputs": {
    "resourceID": {
    "type": "string",
    "value": "[resourceId('Microsoft.Network/azureFirewalls', parameters('name'))]"
    }
  }
}