{
  "name": "CAF-Deploy-Nsg-FlowLogs",
  "type": "Microsoft.Authorization/policyAssignments",
  "apiVersion": "2019-09-01",
  "properties": {
    "description": "Deploy if not exists nsg flowlogs and traffic analytics on network security groups. Define also the retention days.",
    "displayName": "CAF - Enable Nsg flowlogs and traffic analytics.",
    "notScopes": [],
    "parameters": {},
    "policyDefinitionId": "${root_scope_resource_id}/providers/Microsoft.Authorization/policyDefinitions/CAF-Deploy-Nsg-FlowLogs",
    "scope": "${current_scope_resource_id}",
    "enforcementMode": true
  },
  "location": "${default_location}",
  "identity": {
    "type": "SystemAssigned"
  }
}