{
  "root": {
    "policy_assignments": [
      "Deploy-Resource-Diag",
      "Deny-Resource-Locations",
      "Deny-RSG-Locations"
    ],
    "policy_definitions": [
      "Append-KV-SoftDelete",
      "Deny-AA-child-resources",
      "Deny-AppGW-Without-WAF",
      "Deny-Private-DNS-Zones",
      "Deny-PublicEndpoint-Aks",
      "Deny-PublicEndpoint-CosmosDB",
      "Deny-PublicEndpoint-KeyVault",
      "Deny-PublicEndpoint-MariaDB",
      "Deny-PublicEndpoint-MySQL",
      "Deny-PublicEndpoint-PostgreSql",
      "Deny-PublicEndpoint-Sql",
      "Deny-PublicEndpoint-Storage",
      "Deny-PublicIP",
      "Deny-RDP-From-Internet",
      "Deny-Subnet-Without-Nsg",
      "Deny-Subnet-Without-Udr",
      "Deny-VNET-Peer-Cross-Sub",
      "Deny-VNet-Peering",
      "Deploy-ASC-Standard",
      "Deploy-Budget",
      "Deploy-DDoSProtection",
      "Deploy-Diagnostics-AA",
      "Deploy-Diagnostics-ACI",
      "Deploy-Diagnostics-ACR",
      "Deploy-Diagnostics-ActivityLog",
      "Deploy-Diagnostics-AKS",
      "Deploy-Diagnostics-AnalysisService",
      "Deploy-Diagnostics-ApiForFHIR",
      "Deploy-Diagnostics-APIMgmt",
      "Deploy-Diagnostics-ApplicationGateway",
      "Deploy-Diagnostics-Batch",
      "Deploy-Diagnostics-CDNEndpoints",
      "Deploy-Diagnostics-CognitiveServices",
      "Deploy-Diagnostics-CosmosDB",
      "Deploy-Diagnostics-Databricks",
      "Deploy-Diagnostics-DataExplorerCluster",
      "Deploy-Diagnostics-DataFactory",
      "Deploy-Diagnostics-DataLakeStore",
      "Deploy-Diagnostics-DLAnalytics",
      "Deploy-Diagnostics-EventGridSub",
      "Deploy-Diagnostics-EventGridSystemTopic",
      "Deploy-Diagnostics-EventGridTopic",
      "Deploy-Diagnostics-EventHub",
      "Deploy-Diagnostics-ExpressRoute",
      "Deploy-Diagnostics-Firewall",
      "Deploy-Diagnostics-FrontDoor",
      "Deploy-Diagnostics-Function",
      "Deploy-Diagnostics-HDInsight",
      "Deploy-Diagnostics-iotHub",
      "Deploy-Diagnostics-KeyVault",
      "Deploy-Diagnostics-LoadBalancer",
      "Deploy-Diagnostics-LogicAppsISE",
      "Deploy-Diagnostics-LogicAppsWF",
      "Deploy-Diagnostics-MariaDB",
      "Deploy-Diagnostics-MediaService",
      "Deploy-Diagnostics-MlWorkspace",
      "Deploy-Diagnostics-MySQL",
      "Deploy-Diagnostics-NetworkSecurityGroups",
      "Deploy-Diagnostics-NIC",
      "Deploy-Diagnostics-PostgreSQL",
      "Deploy-Diagnostics-PowerBIEmbedded",
      "Deploy-Diagnostics-PublicIP",
      "Deploy-Diagnostics-RecoveryVault",
      "Deploy-Diagnostics-RedisCache",
      "Deploy-Diagnostics-Relay",
      "Deploy-Diagnostics-SearchServices",
      "Deploy-Diagnostics-ServiceBus",
      "Deploy-Diagnostics-SignalR",
      "Deploy-Diagnostics-SQLDBs",
      "Deploy-Diagnostics-SQLElasticPools",
      "Deploy-Diagnostics-SQLMI",
      "Deploy-Diagnostics-StreamAnalytics",
      "Deploy-Diagnostics-TimeSeriesInsights",
      "Deploy-Diagnostics-TrafficManager",
      "Deploy-Diagnostics-VirtualNetwork",
      "Deploy-Diagnostics-VM",
      "Deploy-Diagnostics-VMSS",
      "Deploy-Diagnostics-VNetGW",
      "Deploy-Diagnostics-WebServerFarm",
      "Deploy-Diagnostics-Website",
      "Deploy-Diagnostics-WVDAppGroup",
      "Deploy-Diagnostics-WVDHostPools",
      "Deploy-Diagnostics-WVDWorkspace",
      "Deploy-DNSZoneGroup-For-Blob-PrivateEndpoint",
      "Deploy-DNSZoneGroup-For-File-PrivateEndpoint",
      "Deploy-DNSZoneGroup-For-KeyVault-PrivateEndpoint",
      "Deploy-DNSZoneGroup-For-Queue-PrivateEndpoint",
      "Deploy-DNSZoneGroup-For-Sql-PrivateEndpoint",
      "Deploy-DNSZoneGroup-For-Table-PrivateEndpoint",
      "Deploy-FirewallPolicy",
      "Deploy-LA-Config",
      "Deploy-Log-Analytics",
      "Deploy-Nsg-FlowLogs-to-LA",
      "Deploy-Sql-AuditingSettings",
      "Deploy-Sql-SecurityAlertPolicies",
      "Deploy-Sql-Tde",
      "Deploy-Sql-vulnerabilityAssessments",
      "Deploy-Windows-DomainJoin"
    ],
    "policy_set_definitions": [
      "Deny-PublicEndpoints",
      "Deploy-Diag-LogAnalytics",
      "Deploy-Sql-Security"
    ],
    "role_definitions": [
    ],
    "archetype_config": {
      "parameters": {},
      "access_control": {
      }
    }
  }
}
